"id","pressed_at"
1,"2025-03-10 11:30:18.327818"
2,"2025-03-10 11:37:59.024253"
3,"2025-03-10 11:40:05.101123"
4,"2025-03-10 11:41:54.785342"
5,"2025-03-10 11:51:29.181822"
6,"2025-03-10 11:51:29.612726"
7,"2025-03-10 11:51:30.023863"
8,"2025-03-10 12:09:52.582375"
9,"2025-03-10 12:09:54.203439"
10,"2025-03-10 23:32:09.365898"
11,"2025-03-10 23:32:18.465164"
12,"2025-03-10 23:32:18.850484"
13,"2025-03-10 23:32:19.242204"
14,"2025-03-10 23:32:19.599617"
15,"2025-03-10 23:32:19.930040"
16,"2025-03-10 23:32:20.267728"
17,"2025-03-10 23:32:20.577873"
18,"2025-03-10 23:32:20.897240"
19,"2025-03-10 23:32:21.204772"
20,"2025-03-10 23:32:21.541751"
21,"2025-03-10 23:32:26.708138"
22,"2025-03-10 23:33:44.782698"
23,"2025-03-10 23:37:34.733516"
24,"2025-03-10 23:37:35.514387"
25,"2025-03-10 23:37:36.025950"
26,"2025-03-10 23:37:36.849400"
27,"2025-03-10 23:37:37.426293"
28,"2025-03-10 23:37:38.058524"
29,"2025-03-10 23:37:38.486390"
30,"2025-03-10 23:46:03.240431"
31,"2025-03-10 23:46:03.873274"
32,"2025-03-10 23:46:04.459086"
33,"2025-03-10 23:46:04.957260"
34,"2025-03-11 00:10:07.397026"
35,"2025-03-11 00:10:10.422837"
36,"2025-03-11 00:10:17.454090"
37,"2025-03-11 00:10:21.565617"
38,"2025-03-11 00:10:21.948771"
39,"2025-03-11 00:41:32.988143"
40,"2025-03-11 00:41:34.749610"
41,"2025-03-11 00:41:35.515686"
42,"2025-03-11 01:04:13.461864"
43,"2025-03-11 01:04:14.541688"
44,"2025-03-11 01:04:15.517302"
45,"2025-03-11 01:54:23.682702"
46,"2025-03-11 01:54:24.979708"
47,"2025-03-11 01:54:25.595459"
48,"2025-03-11 01:54:25.999870"
49,"2025-03-11 01:54:26.390803"
50,"2025-03-11 02:04:14.826283"
51,"2025-03-11 02:04:15.328311"
52,"2025-03-11 02:04:15.785127"
53,"2025-03-11 02:04:18.286315"
54,"2025-03-11 02:04:19.330407"
55,"2025-03-11 02:04:20.417175"
56,"2025-03-11 02:04:26.544031"
57,"2025-03-11 02:04:27.152719"
58,"2025-03-11 02:04:27.601708"
59,"2025-03-11 02:04:28.028893"
60,"2025-03-11 02:04:29.873387"
61,"2025-03-11 02:04:30.185382"
62,"2025-03-11 02:04:30.447694"
63,"2025-03-11 02:04:36.958851"
64,"2025-03-11 02:04:37.321632"
65,"2025-03-11 02:07:50.780653"
66,"2025-03-11 02:07:54.209360"
67,"2025-03-11 02:07:54.810804"
68,"2025-03-11 02:12:03.137922"
69,"2025-03-12 11:05:11.884813"
70,"2025-03-12 11:05:11.887953"
71,"2025-03-12 11:05:11.891030"
72,"2025-03-12 11:11:27.132745"
73,"2025-03-12 11:11:37.692639"
74,"2025-03-12 11:19:27.193227"
75,"2025-03-12 11:24:09.475200"
76,"2025-03-12 11:24:32.085486"
77,"2025-03-12 11:24:32.091856"
78,"2025-03-12 11:24:32.094945"
79,"2025-03-12 11:27:54.461818"
80,"2025-03-12 11:27:54.482194"
81,"2025-03-12 11:27:54.491139"
82,"2025-03-12 11:34:19.700791"
83,"2025-03-12 11:34:19.707334"
84,"2025-03-12 11:34:19.711942"
85,"2025-03-12 11:35:00"
86,"2025-03-12 11:00:00"
87,"2025-03-12 11:01:00"
88,"2025-03-12 11:02:00"
89,"2025-03-12 11:00:00"
90,"2025-03-12 11:01:00"
91,"2025-03-12 11:02:00"
92,"2025-03-12 11:59:26.859168"
93,"2025-03-12 11:59:27.271295"
94,"2025-03-12 11:00:00"
95,"2025-03-12 11:01:00"
96,"2025-03-12 11:02:00"
97,"2025-03-13 10:29:10.196206"
98,"2025-03-13 10:29:10.493761"
99,"2025-03-12 11:00:00"
100,"2025-03-12 11:01:00"
101,"2025-03-12 11:02:00"
102,"2025-03-13 11:18:39.838065"
103,"2025-03-13 11:18:42.352724"
